./src/org/graphstream/stream/file/pajek/PajekParser.java,5680
./src/org/graphstream/ui/graphicGraph/stylesheet/parser/StyleSheetParserTokenManager.java,2760
./src/org/graphstream/graph/implementations/Graphs.java,1825
./src/org/graphstream/ui/graphicGraph/stylesheet/parser/StyleSheetParser.java,1741
./src/org/graphstream/stream/file/FileSourceGPX.java,1624
./src/org/graphstream/ui/graphicGraph/StyleGroupSet.java,1445
./src/org/graphstream/ui/graphicGraph/GraphicGraph.java,1367
./src/org/graphstream/stream/file/FileSourceGEXF.java,1300
./src/org/graphstream/stream/file/FileSinkImages.java,1254
./src/org/graphstream/stream/file/FileSourceBase.java,1244
./src/org/graphstream/stream/file/FileSourceGraphML.java,1168
./src/org/graphstream/ui/view/camera/DefaultCamera2D.java,1102
./src/org/graphstream/stream/file/dot/DOTParser.java,1083
./src/org/graphstream/stream/SourceBase.java,1066
./src/org/graphstream/stream/file/pajek/PajekParserTokenManager.java,1052
./src/org/graphstream/graph/Graph.java,1021
./src/org/graphstream/stream/file/FileSinkSVG2.java,1012
./src/org/graphstream/util/GraphDiff.java,1002
./src/org/graphstream/stream/file/tlp/TLPParser.java,955
./src/org/graphstream/ui/layout/springbox/BarnesHutLayout.java,902
./src-test/org/graphstream/ui/graphicGraph/parser/test/TestStyleSheet.java,897
./src/org/graphstream/stream/file/FileSinkTikZ.java,882
./src/org/graphstream/stream/file/tlp/TLPParserTokenManager.java,864
./src/org/graphstream/ui/graphicGraph/stylesheet/StyleSheet.java,864
./src/org/graphstream/ui/graphicGraph/StyleGroup.java,829
./src/org/graphstream/stream/netstream/NetStreamConstants.java,823
./src/org/graphstream/ui/graphicGraph/stylesheet/Style.java,813
./src/org/graphstream/stream/netstream/NetStreamUtils.java,803
./src/org/graphstream/stream/file/dot/DOTParserTokenManager.java,795
./src/org/graphstream/stream/file/dgs/DGSParser.java,789
./src/org/graphstream/graph/implementations/AbstractGraph.java,738
./src/org/graphstream/util/Environment.java,727
./src-test/org/graphstream/graph/test/TestGraph.java,720
./src/org/graphstream/graph/Node.java,680
./src/org/graphstream/stream/file/gml/GMLContext.java,673
./src/org/graphstream/util/VerboseSink.java,668
./src/org/graphstream/stream/binary/ByteProxy.java,645
./src/org/graphstream/stream/file/FileSourceDGS1And2.java,620
./src/org/graphstream/stream/file/gml/GMLParserTokenManager.java,605
./src/org/graphstream/stream/thread/ThreadProxyPipe.java,605
./src/org/graphstream/stream/file/FileSinkGEXF.java,585
./src/org/graphstream/stream/file/dgs/OldFileSourceDGS.java,568
./src-test/org/graphstream/ui/graphicGraph/test/TestGraphicGraph.java,546
./src/org/graphstream/stream/file/FileSourceXML.java,530
./src/org/graphstream/stream/file/gml/GMLParser.java,518
./src-test/org/graphstream/graph/test/BenchPerformance.java,507
./src/org/graphstream/ui/graphicGraph/stylesheet/StyleConstants.java,499
./src/org/graphstream/ui/spriteManager/SpriteManager.java,499
./src/org/graphstream/ui/spriteManager/Sprite.java,492
./src/org/graphstream/ui/view/Viewer.java,489
./src-test/org/graphstream/stream/file/test/TestFileSinkBase.java,475
./src/org/graphstream/stream/file/FileSinkBaseFiltered.java,470
./src/org/graphstream/ui/graphicGraph/GraphPosLengthUtils.java,461
./src/org/graphstream/util/GraphListeners.java,457
./src/org/graphstream/graph/Path.java,449
./src/org/graphstream/util/parser/SimpleCharStream.java,445
./src/org/graphstream/stream/netstream/NetStreamEncoder.java,443
./src/org/graphstream/stream/Timeline.java,422
./src-test/org/graphstream/graph/test/TestAbstractElement.java,422
./src/org/graphstream/util/set/FixedArrayList.java,414
./src/org/graphstream/graph/Element.java,407
./src/org/graphstream/ui/graphicGraph/GraphicEdge.java,392
./src/org/graphstream/ui/graphicGraph/GraphicNode.java,385
./src/org/graphstream/ui/view/util/GraphMetrics.java,375
./src/org/graphstream/ui/geom/Point3.java,368
./src/org/graphstream/util/time/ISODateComponent.java,363
./src/org/graphstream/ui/graphicGraph/GraphicSprite.java,352
./src/org/graphstream/ui/graphicGraph/stylesheet/parser/StyleSheetParserConstants.java,351
./src/org/graphstream/graph/implementations/AbstractElement.java,338
./src/org/graphstream/ui/layout/springbox/NodeParticle.java,337
./src/org/graphstream/stream/netstream/NetStreamDecoder.java,330
./src-test/org/graphstream/graph/test/TestGraphSynchronisation.java,330
./src/org/graphstream/stream/AnnotatedSink.java,326
./src/org/graphstream/ui/geom/Vector3.java,323
./src/org/graphstream/ui/view/ViewerPipe.java,320
./src-test/org/graphstream/stream/file/dgs/test/TestDGSParser.java,318
./src/org/graphstream/graph/implementations/AdjacencyListGraph.java,315
./src-test/org/graphstream/graph/test/TestElement.java,315
./src/org/graphstream/ui/graphicGraph/GraphicElement.java,312
./src-test/org/graphstream/stream/test/TestSourceBase.java,312
./src-test/org/graphstream/stream/file/test/TestFileSourceBase.java,311
./src/org/graphstream/stream/file/FileSinkSVG.java,302
./src/org/graphstream/util/time/ISODateIO.java,302
./src/org/graphstream/ui/geom/Vector2.java,299
./src-test/org/graphstream/stream/netstream/test/TestNetStreamDecoder.java,299
./src/org/graphstream/ui/geom/Point2.java,292
./src/org/graphstream/stream/file/pajek/PajekContext.java,285
./src/org/graphstream/graph/implementations/AdjacencyListNode.java,283
./src/org/graphstream/graph/implementations/AbstractNode.java,282
./src/org/graphstream/ui/layout/springbox/implementations/SpringBoxNodeParticle.java,280
./src/org/graphstream/ui/layout/springbox/implementations/LinLogNodeParticle.java,279
./src/org/graphstream/stream/file/FileSinkBase.java,277
./src-test/org/graphstream/ui/graphicGraph/test/TestGraphSynchronisationProxyThread.java,277
./src/org/graphstream/stream/file/FileSinkDOT.java,275
./src/org/graphstream/util/cumulative/GraphSpells.java,270
./src/org/graphstream/ui/graphicGraph/stylesheet/Values.java,269
./src/org/graphstream/ui/layout/Layout.java,269
./src/org/graphstream/stream/file/FileSinkGraphML.java,267
./src-test/org/graphstream/stream/thread/test/TestThreadProxyPipe.java,261
./src/org/graphstream/ui/layout/LayoutRunner.java,254
./src/org/graphstream/stream/AttributePipe.java,250
./src/org/graphstream/ui/view/View.java,237
./src/org/graphstream/stream/file/FileSinkGML.java,234
./src/org/graphstream/stream/file/FileSourceParser.java,234
./src-test/org/graphstream/stream/binary/test/ExampleByteProxy.java,234
./src/org/graphstream/stream/rmi/RMISink.java,233
./src-test/org/graphstream/stream/netstream/test/TestNetStreamEncoder.java,223
./src/org/graphstream/stream/file/FileSourceNCol.java,220
./src/org/graphstream/graph/implementations/OneAttributeElement.java,219
./src/org/graphstream/stream/file/FileSourceEdge.java,217
./src/org/graphstream/stream/file/FileSourceFactory.java,214
./src/org/graphstream/stream/file/gexf/GEXFAttributes.java,214
./src/org/graphstream/stream/file/FileSourceLGL.java,212
./src/org/graphstream/stream/file/FileSinkGEXF2.java,210
./src/org/graphstream/util/cumulative/CumulativeSpells.java,209
./src-test/org/graphstream/stream/netstream/test/TestNetStreamUtils.java,208
./src/org/graphstream/ui/graphicGraph/stylesheet/Selector.java,206
./src/org/graphstream/stream/file/FileSource.java,204
./src/org/graphstream/util/parser/ParseException.java,203
./src/org/graphstream/ui/view/camera/Camera.java,202
./src/org/graphstream/stream/file/FileSinkDGSFiltered.java,201
./src-test/org/graphstream/util/test/TestEnvironment.java,195
./src/org/graphstream/stream/file/FileSinkDynamicGML.java,194
./src/org/graphstream/stream/rmi/RMISource.java,194
./src/org/graphstream/ui/layout/springbox/Energies.java,188
./src/org/graphstream/stream/file/gexf/GEXFNodes.java,185
./src/org/graphstream/ui/view/GraphRenderer.java,184
./src/org/graphstream/ui/graphicGraph/stylesheet/Rule.java,170
./src/org/graphstream/util/parser/TokenMgrError.java,170
./src/org/graphstream/stream/file/FileSink.java,167
./src/org/graphstream/stream/AttributeSink.java,165
./src-test/org/graphstream/stream/test/TestAutoCreateInStreams.java,161
./src/org/graphstream/stream/file/pajek/PajekParserConstants.java,158
./src-test/org/graphstream/stream/file/pajek/test/TestPajekParser.java,157
./src-test/org/graphstream/stream/net/test/TestRMI.java,155
./src/org/graphstream/stream/file/gexf/GEXFEdges.java,154
./src/org/graphstream/graph/implementations/AbstractEdge.java,151
./src/org/graphstream/util/parser/Token.java,151
./src/org/graphstream/stream/file/FileSourceGML.java,147
./src/org/graphstream/ui/view/camera/ConnectorSkeleton.java,147
./src/org/graphstream/ui/view/util/FpsCounter.java,146
./src/org/graphstream/ui/graphicGraph/stylesheet/Value.java,144
./src/org/graphstream/stream/file/FileSinkDGS.java,143
./src/org/graphstream/stream/file/FileSinkDGSUtility.java,140
./src/org/graphstream/ui/layout/springbox/implementations/SpringBox.java,140
./src/org/graphstream/ui/layout/springbox/implementations/LinLog.java,139
./src/org/graphstream/util/cumulative/CumulativeAttributes.java,138
./src/org/graphstream/ui/layout/springbox/GraphCellData.java,136
./src/org/graphstream/stream/file/gexf/GEXF.java,134
./src-test/org/graphstream/stream/file/test/TestFileSinkGraphML.java,134
./src/org/graphstream/stream/file/FileSourceTLP.java,133
./src/org/graphstream/ui/graphicGraph/stylesheet/Color.java,129
./src/org/graphstream/stream/file/FileSourceDGS.java,128
./src/org/graphstream/graph/Edge.java,127
./src/org/graphstream/graph/implementations/MultiNode.java,124
./src-test/org/graphstream/stream/file/gml/test/TestSourceGML.java,124
./src/org/graphstream/graph/DepthFirstIterator.java,121
./src/org/graphstream/stream/ElementSink.java,121
./src-test/org/graphstream/stream/file/test/TestFileSourceGEXF.java,120
./src/org/graphstream/graph/implementations/SingleNode.java,119
./src/org/graphstream/stream/PipeAdapter.java,118
./src/org/graphstream/stream/Source.java,116
./src/org/graphstream/stream/file/gexf/GEXFAttValues.java,114
./src/org/graphstream/stream/Replayable.java,114
./src-test/org/graphstream/stream/file/test/TestFileSourceEdge.java,114
./src/org/graphstream/stream/file/gexf/GEXFElement.java,113
./src/org/graphstream/stream/PipeBase.java,111
./src/org/graphstream/graph/BreadthFirstIterator.java,110
./src/org/graphstream/stream/file/gexf/SmartXMLWriter.java,109
./src/org/graphstream/stream/sync/SourceTime.java,109
./src/org/graphstream/ui/layout/springbox/EdgeSpring.java,108
./src/org/graphstream/ui/view/camera/Backend.java,107
./src-test/org/graphstream/stream/file/test/TestFileSourceGraphML.java,107
./src/org/graphstream/stream/GraphReplay.java,106
./src/org/graphstream/stream/ProxyPipe.java,106
./src/org/graphstream/graph/implementations/MultiGraph.java,104
./src/org/graphstream/graph/implementations/SingleGraph.java,104
./src/org/graphstream/stream/sync/SinkTime.java,101
./src/org/graphstream/ui/view/GraphRendererBase.java,99
./src/org/graphstream/graph/implementations/DefaultGraph.java,97
./src/org/graphstream/util/StepCounter.java,97
./src/org/graphstream/stream/file/FileSinkFactory.java,96
./src/org/graphstream/ui/layout/Layouts.java,96
./src/org/graphstream/stream/file/tlp/TLPParserConstants.java,94
./src/org/graphstream/stream/file/dot/DOTParserConstants.java,93
./src/org/graphstream/stream/file/gexf/GEXFNode.java,92
./src/org/graphstream/stream/SinkAdapter.java,91
./src-test/org/graphstream/stream/netstream/test/ExampleNetStreamClientReceives.java,91
./src-test/org/graphstream/stream/file/test/TestFileSourceDOT.java,90
./src-test/org/graphstream/stream/file/test/TestFileSourceGML.java,90
./src/org/graphstream/stream/file/gexf/GEXFEdge.java,89
./src/org/graphstream/stream/file/gexf/GEXFGraph.java,88
./src/org/graphstream/util/Display.java,88
./src-test/org/graphstream/util/test/TestDisplay.java,88
./src/org/graphstream/stream/net/URLSource.java,87
./src/org/graphstream/stream/file/gexf/GEXFSpells.java,86
./src-test/org/graphstream/stream/test/TestAnnotatedSink.java,85
./src-test/org/graphstream/stream/file/test/TestFileSourceDGS.java,84
./src/org/graphstream/stream/binary/ByteEncoder.java,82
./src-test/org/graphstream/stream/file/gml/test/TestSinkGML.java,82
./src/org/graphstream/graph/GraphFactory.java,80
./src/org/graphstream/graph/CompoundAttribute.java,79
./src/org/graphstream/stream/file/gexf/GEXFAttribute.java,79
./src/org/graphstream/stream/file/gexf/GEXFMeta.java,78
./src/org/graphstream/ui/view/Selection.java,78
./src-test/org/graphstream/stream/sync/TestSync.java,78
./src/org/graphstream/stream/file/gexf/GEXFAttValue.java,77
./src/org/graphstream/stream/rmi/RMIAdapterIn.java,75
./src/org/graphstream/stream/file/gml/GMLParserConstants.java,73
./src/org/graphstream/stream/file/images/filters/AddLogoFilter.java,71
./src/org/graphstream/stream/Sink.java,70
./src/org/graphstream/ui/view/LayerRenderer.java,69
./src/org/graphstream/stream/file/gexf/GEXFSpell.java,68
./src/org/graphstream/stream/SourceAdapter.java,68
./src/org/graphstream/ui/view/util/MouseManager.java,66
./src/org/graphstream/graph/IdAlreadyInUseException.java,65
./src/org/graphstream/stream/file/FileSourceDOT.java,65
./src/org/graphstream/ui/spriteManager/SpriteFactory.java,65
./src-test/org/graphstream/stream/netstream/test/ExampleNetStreamClientSends.java,65
./src/org/graphstream/stream/binary/ByteDecoder.java,63
./src/org/graphstream/util/parser/Parser.java,63
./src/org/graphstream/ui/graphicGraph/stylesheet/Colors.java,61
./src/org/graphstream/stream/file/FileSourcePajek.java,60
./src/org/graphstream/graph/ElementNotFoundException.java,58
./src/org/graphstream/graph/Structure.java,58
./src/org/graphstream/stream/file/images/Resolutions.java,58
./src-test/org/graphstream/stream/file/test/TestFileSinkDOT.java,58
./src/org/graphstream/ui/view/util/ShortcutManager.java,56
./src/org/graphstream/ui/graphicGraph/stylesheet/StyleSheetListener.java,55
./src/org/graphstream/graph/EdgeFactory.java,54
./src/org/graphstream/ui/graphicGraph/StyleGroupListener.java,53
./src/org/graphstream/graph/EdgeRejectedException.java,51
./src/org/graphstream/stream/AttributePredicate.java,51
./src/org/graphstream/stream/binary/ByteFactory.java,51
./src/org/graphstream/stream/GraphParseException.java,50
./src/org/graphstream/stream/file/images/CustomResolution.java,49
./src/org/graphstream/ui/spriteManager/InvalidSpriteIDException.java,49
./src/org/graphstream/stream/file/images/Resolution.java,48
./src-test/org/graphstream/stream/file/test/TestFileSinkDGS.java,48
./src/org/graphstream/ui/view/ViewerListener.java,47
./src/org/graphstream/util/parser/ParserFactory.java,47
./src/org/graphstream/graph/NodeFactory.java,46
./src/org/graphstream/stream/Pipe.java,46
./src/org/graphstream/ui/view/camera/AreaSkeleton.java,44
./src/org/graphstream/stream/rmi/RMIAdapterOut.java,42
./src/org/graphstream/ui/graphicGraph/GraphicElementChangeListener.java,42
./src/org/graphstream/ui/view/camera/Skeleton.java,41
./src/org/graphstream/ui/view/util/InteractiveElement.java,36
./src-test/org/graphstream/ui/test/util/Display.java,35
./src/org/graphstream/stream/file/images/FileSinkImagesFactory.java,34
./src/org/graphstream/stream/file/images/Filter.java,34
./src/org/graphstream/ui/layout/package-info.java,33
./src/org/graphstream/graph/package-info.java,32
./src/org/graphstream/graph/implementations/package-info.java,31
./src/org/graphstream/stream/package-info.java,31
./src/org/graphstream/ui/graphicGraph/package-info.java,31
./src/org/graphstream/ui/graphicGraph/stylesheet/package-info.java,31
./src/org/graphstream/ui/graphicGraph/stylesheet/parser/package-info.java,31
./src/org/graphstream/util/MissingDisplayException.java,31
